NOMBRE_PROYECTO,FORMA_PRESENTACION,ESTADO_EVALUACION,REGION,COMUNAS,FECHA_PRESENTACION,FECHA_CALIFICACION,FECHA_MODIFICACION,ID_EXPEDIENTE,INVERSION_US,LETRA_TIPOLOGIA,NOMBRE_TIPOLOGIA,TITULAR,lat,lng
Gasoducto Gasandes Extensión a Quinta Región,EIA,Aprobado,Interregional,Curacaví-Lampa-Limache-Maipú-Pudahuel-Quillota-Quilpué-San Bernardo,18 sep 1995,30 ene 1996,17 dic 2012,89,$284.000.000,j,j-Gasoductos,Gasoducto GasAndes S.A.,-70.716588,-33.55521
Poliducto J.L.C.,DIA,Aprobado,RM,Maipú,23 sep 1997,4 dic 1997,24 Feb. 2015,117,$170.00,j,j-Oleoductos,José Luis Honorato,-70.75266,-33.527689
Estación de Servicios ESSO Avenida Pajaritos,DIA,Aprobado,RM,Maipú,14 sep 1997,22 dic 1997,24 Feb. 2015,309,$2.600.000,e,e-Estaciones de servicios,ESSO Chile Petrolera Ltda.,-70.72278,-33.462971
Planta Tratamiento Residuos Industriales Bravo Energy S.A.,EIA,Aprobado,RM,Maipú,26 nov 1995,16 oct 1996,14 dic 2012,1039,$250.00,o,"o-Sistemas de tratamiento y/o disposición de residuos industriales líquidos, que contemplen dentro de sus instalaciones lagunas de estabilización u otros depositos de los efluentes sin tratar y tratados",Bravo Energy Chile S.A.,-70.751459,-33.531996
Estación de Compresión Los Ratones,EIA,Aprobado,RM,Maipú,27 Ago. 1998,11 Ago. 1999,19 dic 2012,1448,$20.000.000,j,j-Gasoductos,Electrogas S.A.,-70.828095,-33.534031
Planta de Tratamientos Residuos Líquidos Industriales National Starch and Chemicals,DIA,Aprobado,RM,Maipú,5 oct 1998,24 Feb. 1999,30 dic 2014,1565,$75.00,o,"o-Sistemas de tratamiento y/o disposición de residuos industriales líquidos, que contemplen dentro de sus instalaciones lagunas de estabilización u otros depositos de los efluentes sin tratar y tratados",National Starch and Chemical S.A.,-70.723776,-33.512446
Remodelación Estación de Servicio Shell Av. Pajaritos Nº 2753,DIA,Aprobado,RM,Maipú,18 sep 1998,10 Mar. 1999,19 dic 2014,1570,$670.00,e,e-Estaciones de servicios,SHELL Chile S.A.C. e I.,-70.75724,-33.503715
San Juan de Maipú,DIA,Aprobado,RM,Maipú,19 oct 1998,13 ene 1999,26 dic 2014,1575,$14.800.000,h,h-Proyectos inmobiliarios,Viviendas Económicas Metropolitana S.A.,-70.766949,-33.542859
Línea de Alimentación (110 Kv)a S/E distribución Santa Marta,DIA,Aprobado,RM,Maipú,23 sep 1998,10 Feb. 1999,30 dic 2014,1581,$2.000.000,b,b-Líneas de transmisión eléctrica de alto voltaje,Enel Distribución Chile S.A.,-70.764861,-33.541476
Sistema de Colectores - Interceptores y Emisario de entrada a la Planta de Tratamiento de Aguas Servidas Santiago Sur,DIA,Aprobado,RM,Maipú-Padre Hurtado-San Bernardo,21 Feb. 1999,28 jul 1999,26 dic 2014,1697,$44.700.000,o,o-Plantas de tratamiento de aguas de origen domiciliario que atiendan a una población igual o mayor a 2500 habitantes,Aguas Andinas S.A.,-70.733496,-33.526031
Conjunto Habitacional en Maipu 708 viviendas del SERVIU,DIA,Aprobado,RM,Maipú,4 oct 1998,24 Feb. 1999,30 dic 2014,1732,$8.000.000,h,h-Proyectos inmobiliarios,Sociedad de Construcciones e Ingeniería Maya S.A.,-70.766153,-33.50696
Conjunto Habitacional Villa Los Rosales de Maipú,DIA,Aprobado,RM,Maipú,9 nov 1998,24 Mar. 1999,22 dic 2014,1863,$22.770.000,h,h-Proyectos inmobiliarios,Inmobiliaria Rio Napo Ltda.,-70.76908,-33.485664
Planta de Compost de Bioplan S.A.,DIA,Aprobado,RM,Maipú,18 ene 1999,28 jul 1999,29 dic 2014,2045,$3.100.000,o,"o-Reparación o recuperación de terrenos que contengan contaminantes, que abarquen, una superficie igual o mayor a 10000m2",BIOPLAN Chile S.A.,-70.742012,-33.521609
Ampliación Planta de Tratamiento Físico-Químico Operación Unitaria Nº6,DIA,Aprobado,RM,Maipú,29 jul 1999,22 sep 1999,28 nov 2014,2173,$110.00,o,"o-Sistemas de tratamiento y/o disposición de residuos industriales líquidos, que contemplen dentro de sus instalaciones lagunas de estabilización u otros depositos de los efluentes sin tratar y tratados",C.T.I. Compañía Tecno Industrial S.A.,-70.755511,-33.520124
Recuperacíón y Mejoramiento de Suelos Mediante la Extracción y Procesamiento de Áridos,DIA,Aprobado,RM,Maipú,9 Ago. 1999,19 abr 2000,28 nov 2014,2175,$2.460.000,i,i-Extracción de pozos o canteras,Aridos MAIPÚ S.A.,-70.72556,-33.520217
Sistema de Tratamiento de Residuos Líquidos Industriales PRODINSA S.A.,DIA,Aprobado,RM,Maipú,2 sep 1999,17 nov 1999,27 nov 2014,2237,$28.00,o,"o-Sistemas de tratamiento y/o disposición de residuos industriales líquidos, que contemplen dentro de sus instalaciones lagunas de estabilización u otros depositos de los efluentes sin tratar y tratados",Productos de Acero S.A. PRODINSA,-70.761314,-33.534228
Planta de Tratamiento de Residuos Industriales Líquidos Senavin Ltda.,DIA,Desistido,RM,Maipú,21 oct 1999,31 dic 1899,19 May. 2017,2345,$60.00,o,"o-Sistemas de tratamiento y/o disposición de residuos industriales líquidos, que contemplen dentro de sus instalaciones lagunas de estabilización u otros depositos de los efluentes sin tratar y tratados",Servicios Navales e Industriales Ltda.,-70.761461,-33.543335
Remodelación del Centro Comercial Pumay Av. 5 de Abril Nº 33-Maipú- Santiago,DIA,Aprobado,RM,Maipú,1 nov 1999,5 abr 2000,27 nov 2014,2375,$1.400.000,h,h-Proyectos inmobiliarios,Inmobiliaria e Inversiones PUMAY Ltda.,-70.758091,-33.510397
Relleno Sanitario El Olivo (Primera Presentación),EIA,Desistido,RM,Maipú,22 dic 1999,31 dic 1899,19 dic 2012,2531,$1.000.000,o,"o-Plantas de tratamiento y/o disposición de residuos sólidos de origen domiciliario, rellenos sanitarios y estaciones de transferencia que atiendan a una población igual o mayor a 5000 habitantes",El Olivo S.A.,-70.766961,-33.465584
Población Santa Teresita de Los Andes,DIA,Aprobado,RM,Maipú,26 dic 1999,5 abr 2000,28 nov 2014,2548,$4.100.000,h,h-Proyectos inmobiliarios,Sociedad de Construcciones e Ingeniería Maya S.A.,-70.792506,-33.514771
Eliminación Vapores Fugitivos desde Islas Carguío de Combustibles Líquidos,DIA,Aprobado,RM,Maipú,22 dic 1999,22 Mar. 2000,28 nov 2014,2559,$200.00,h,h-Proyectos industriales,Enap Refinerías S.A,-70.757791,-33.541077
Modificación Gasoducto de Planta Maipú,DIA,Aprobado,RM,Maipú,13 ene 2000,9 oct 2000,27 nov 2014,2604,$100.00,j,j-Gasoductos,Abastecedora de Combustibles S.A.,-70.751795,-33.527805
Estación de Servicio Copec Av. Américo Vespucio - Santa Elena,DIA,Aprobado,RM,Maipú,15 Feb. 2000,12 jul 2000,29 oct 2014,2682,$960.00,e,e-Estaciones de servicios,Compañía de Petróleos de Chile COPEC S.A.,-70.755304,-33.478452
Planta de Tratamiento de Residuos Industriales Líquidos de Alimentos Fruna Ltda.,DIA,Aprobado,RM,Maipú,2 Mar. 2000,21 jun 2000,29 oct 2014,2711,$810.00,o,"o-Sistemas de tratamiento y/o disposición de residuos industriales líquidos, que contemplen dentro de sus instalaciones lagunas de estabilización u otros depositos de los efluentes sin tratar y tratados",Alimentos Fruna Ltda.,-70.735164,-33.516093
Almacenamiento de Ciclopentano/Implementación,DIA,Aprobado,RM,Maipú,14 Mar. 2000,22 jun 2000,24 oct 2014,2733,$1.200.000,t,t-Ingreso voluntario,C.T.I. Compañía Tecno Industrial S.A.,-70.755579,-33.520112
Modificación Plan Regulador Metropolitano MPRMS 14 Incorporación de la Autopista del Sol en la Comuna de Maipú,DIA,Aprobado,RM,Maipú,16 jul 2000,8 nov 2000,22 oct 2014,3065,$null,h,h-Planes reguladores comunales,"Secretaría Regional Ministerial, SEREMI (R.M.), Vivienda y Urbanismo",-70.76459,-33.492942
Relleno Sanitario El Olivo (Segunda Presentación),EIA,Rechazado,RM,Maipú,14 nov 2000,2 Ago. 2001,14 dic 2012,3370,$10.000.000,o,"o-Plantas de tratamiento y/o disposición de residuos sólidos de origen domiciliario, rellenos sanitarios y estaciones de transferencia que atiendan a una población igual o mayor a 5000 habitantes",Servicios El Olivo S.A.,-70.774101,-33.469098
Planta de Tratamiento de Aguas Servidas La Farfana,EIA,Aprobado,RM,Maipú,15 nov 2000,12 Ago. 2001,14 dic 2012,3382,$315.000.000,o,o-Plantas de tratamiento de aguas de origen domiciliario que atiendan a una población igual o mayor a 2500 habitantes,Aguas Andinas S.A.,-70.789039,-33.472878
Estación de Servicio YPF - Avenida El Olimpo esquina La Rinconada,DIA,Aprobado,RM,Maipú,26 dic 2000,21 Mar. 2001,30 sep 2014,3472,$520.00,e,e-Estaciones de servicios,Empresa Nacional de Energia ENEX S.A.,-70.775366,-33.509471
Operación de las Dependencias de Pullman Cargo S.A.,DIA,Aprobado,RM,Maipú,5 Feb. 2001,17 oct 2001,25 sep 2014,3593,$1.000.000,e,e-Terminales de buses,Transportes Pullman Cargo S.A.,-70.739159,-33.537134
Nueva Planta de Fabricación de Pinturas,DIA,Desistido,RM,Maipú,26 Feb. 2001,31 dic 1899,12 May. 2017,3654,$3.370.000,h,h-Proyectos industriales,Pinturas Tajamar S.A.,-70.740065,-33.539461
Ampliación Ciudad Satélite Los Parques de Maipú,DIA,Aprobado,RM,Maipú,22 Mar. 2001,18 jul 2001,19 May. 2017,3750,$74.000.000,h,h-Proyectos inmobiliarios,Constructora e Inmobiliaria Los Angeles S.A.,-70.777493,-33.56587
Relleno Sanitario Santiago Poniente,EIA,Aprobado,RM,Maipú,26 abr 2001,23 Ago. 2001,14 dic 2012,3869,$40.000.000,o,"o-Plantas de tratamiento y/o disposición de residuos sólidos de origen domiciliario, rellenos sanitarios y estaciones de transferencia que atiendan a una población igual o mayor a 5000 habitantes",Veolia SU Chile S.A.,-70.86949,-33.522749
Estación de Servicio YPF 5 de Abril Maipú,DIA,Aprobado,RM,Maipú,22 May. 2001,12 Ago. 2001,28 Ago. 2014,3928,$290.00,e,e-Estaciones de servicios,Servicios Automotrices Generales y Compañía Limitada,-70.74303,-33.509967
Santa María de Maipú,DIA,Aprobado,RM,Maipú,28 jun 2001,17 oct 2001,27 Ago. 2014,4084,$93.000.000,g,"g-Conjuntos habitacionales con una cantidad igual o superior a ochenta (80) viviendas o, tratándose de vivienda social, vivienda progresiva o infraestructura sanitaria, a ciento sesenta (160) viviendas",Inmobiliaria Dos BI Ltda,-70.773197,-33.483408
Proyecto Habitacional Lomas de Maipú,DIA,Aprobado,RM,Maipú,25 jun 2001,28 nov 2001,27 Ago. 2014,4086,$40.000.000,g,"g-Conjuntos habitacionales con una cantidad igual o superior a ochenta (80) viviendas o, tratándose de vivienda social, vivienda progresiva o infraestructura sanitaria, a ciento sesenta (160) viviendas",Empresa Besalco Viviendas S.A,-70.781081,-33.504983
Conjunto Habitacional Parque el Sol,DIA,Aprobado,RM,Maipú,24 jul 2001,16 ene 2002,25 Ago. 2014,4150,$20.000.000,h,h-Proyectos inmobiliarios,Inmobiliaria Monte Aconcagua S.A.,-70.747896,-33.491393
Planta de Tratamiento de Residuos Industriales Líquidos y Lodos Orgánicos SENAVIN Ltda.,DIA,Aprobado,RM,Maipú,22 jul 2001,13 nov 2001,25 Ago. 2014,4174,$1.000.000,o,"o-Sistemas de tratamiento y/o disposición de residuos industriales líquidos, que contemplen dentro de sus instalaciones lagunas de estabilización u otros depositos de los efluentes sin tratar y tratados",Sena-Ril Limitada,-70.75764,-33.544096
Emisario de Entrada a la Planta de Tratamiento de Aguas Servidas La Farfana,DIA,Aprobado,RM,Cerrillos-Estación Central-Maipú,5 Ago. 2001,6 Feb. 2002,27 Ago. 2014,4271,$14.000.000,o,o-Plantas de tratamiento de aguas de origen domiciliario que atiendan a una población igual o mayor a 2500 habitantes,Aguas Andinas S.A.,-70.789582,-33.475729
Loteo Habitacional Las Palmas de Maipú,DIA,Aprobado,RM,Maipú,13 sep 2001,16 dic 2001,29 Ago. 2014,4374,$48.00,g,"g-Conjuntos habitacionales con una cantidad igual o superior a ochenta (80) viviendas o, tratándose de vivienda social, vivienda progresiva o infraestructura sanitaria, a ciento sesenta (160) viviendas",Inmobiliaria Las Palmas de Maipú SA,-70.755678,-33.477939
Proyecto Habitacional Loteo 4 Poniente Maipú,DIA,Aprobado,RM,Maipú,14 nov 2001,21 Feb. 2002,28 Ago. 2014,4809,$null,g,"g-Conjuntos habitacionales con una cantidad igual o superior a ochenta (80) viviendas o, tratándose de vivienda social, vivienda progresiva o infraestructura sanitaria, a ciento sesenta (160) viviendas",Inmobiliaria Los Silos III,-70.785772,-33.539324
Habitacional Loteo 4 Poniente Maipú,DIA,Aprobado,RM,Maipú,14 nov 2001,21 Feb. 2002,22 Ago. 2014,4906,$null,h,h-Proyectos inmobiliarios,Inmobiliaria Los Silos III,-70.782812,-33.541849
Planta de Reciclaje y Compostaje El Olivo,EIA,Desistido,RM,Maipú,6 dic 2001,31 dic 1899,19 dic 2012,4939,$15.000.000,o,"o-Plantas de tratamiento y/o disposición de residuos sólidos de origen domiciliario, rellenos sanitarios y estaciones de transferencia que atiendan a una población igual o mayor a 5000 habitantes",Servicios El Olivo S.A.,-70.77372,-33.469915
Modificación del Punto de Descarga de Efluentes del Sistema de Tratamiento de RILes,DIA,Aprobado,RM,Maipú,20 dic 2001,18 abr 2002,29 jul 2014,4942,$90.00,o,"o-Sistemas de tratamiento y/o disposición de residuos industriales líquidos, que contemplen dentro de sus instalaciones lagunas de estabilización u otros depositos de los efluentes sin tratar y tratados",Clariant Colorquímica (Chile) Ltda.,-70.766491,-33.534118
Colector e Interceptor de Aguas Lluvias 3 Poniente,DIA,Aprobado,RM,Maipú,20 ene 2002,6 Mar. 2002,29 jul 2014,5139,$4.000.000,o,"o-Sistemas de alcantarillado o evacuación de aguas lluvias, cuando se interconecten con redes de alcantarillado de aguas servidas",MINISTERIO DE OBRAS PÚBLICAS,-70.777837,-33.524487
Oficinas de Servicios de Control de Calidad de combustibles y lubricantes,DIA,Aprobado,RM,Maipú,7 abr 2002,10 jul 2002,28 jul 2014,5371,$70.00,h,h-Proyectos industriales,SGS Chile Ltda.,-70.801381,-33.558568
Planta de Compostaje y Extensión Educativa Rinconada de Maipú,DIA,Desistido,RM,Maipú,8 May. 2002,31 dic 1899,2 jun 2017,5390,$200.00,o,"o-Plantas de tratamiento y/o disposición de residuos sólidos de origen domiciliario, rellenos sanitarios y estaciones de transferencia que atiendan a una población igual o mayor a 5000 habitantes",Sociedad Agrícola Los Quintrales Ltda.,-70.85042,-33.514579
Destrucción de Residuos Farmacéuticos via incorporación Combustible Alternativo,DIA,Aprobado,RM,Maipú,27 May. 2002,8 ene 2003,23 jul 2014,5427,$80.00,o,"o-Plantas de tratamiento y/o disposición de residuos peligrosos, incluidos los infecciosos",Bravo Energy Chile S.A.,-70.751416,-33.531979
Colector Alaska Los Trabajadores comuna de Maipú,DIA,Aprobado,RM,Maipú,28 May. 2002,10 jul 2002,23 jul 2014,5442,$12.000.000,o,"o-Sistemas de alcantarillado o evacuación de aguas lluvias, cuando se interconecten con redes de alcantarillado de aguas servidas",Servicio de Vivienda y Urbanización Metropolitano,-70.740265,-33.490851
Canteras Dominga y La Viña,EIA,Aprobado,RM,Maipú,24 jun 2002,23 Feb. 2005,19 dic 2012,5543,$2.000.000,i,i-Extracción de pozos o canteras,Sociedad Melón S.A.,-70.810307,-33.533638
Proyecto Bodega de Inflamables IMSA,DIA,Aprobado,RM,Maipú,17 jul 2002,13 nov 2002,27 jun 2014,5695,$100.00,ñ,"ñ-Producción, almacenamiento, disposición o reutilización o transporte por medios terrestres de sustancias inflamables, (sustancias señaladas en las clases 3 y 4 de la NCh. 2120/Of. 89)",Cintac S.A.I.C.,-70.728023,-33.526563
Centro de Venta Minorista de Combustibles Líquidos Calle Carmen Nº 996,DIA,Aprobado,RM,Maipú,1 sep 2002,30 oct 2002,25 jun 2014,5910,$1.000.000,e,e-Estaciones de servicios,Distribuidora de Combustibles Chena S.A.,-70.763452,-33.519477
Construccion de un nuevo Terminal de Buses en Maipú,DIA,Aprobado,RM,Maipú,14 oct 2002,28 abr 2003,27 jun 2014,5983,$200.00,g,"g-Proyectos de equipamiento que correspondan a predios y/o edificios destinados en forma permanente a salud, educación, seguridad, culto, deporte, esparcimiento, cultura, transporte, comercio o servicios, y que contemplen al menos una de las siguientes especificaciones:",Sociedad de Transportes Tobalaba Maipú S.A.,-70.80423,-33.510641
Modificación Etapa de Abandono Proyecto de Recuperación y Mejoramiento de Suelos mediante la actividad de extracción y Procesamiento de Áridos,DIA,Rechazado,RM,Maipú,1 sep 2002,20 Ago. 2003,6 jun 2017,5992,$500.00,i,i-Extracción de pozos o canteras,Aridos MAIPÚ S.A.,-70.819477,-33.507208
Construcción de Unidad Deshumificadora de Aceite Lubricante Usado para Mejoramiento de la Calidad del Petroleo Combustible Recuperado,DIA,Aprobado,RM,Maipú,22 ene 2003,5 Mar. 2003,27 jun 2014,6165,$250.00,o,"o-Sistemas de tratamiento y/o disposición de residuos industriales líquidos, que contemplen dentro de sus instalaciones lagunas de estabilización u otros depositos de los efluentes sin tratar y tratados",Bravo Energy Chile S.A.,-70.751523,-33.531986
Línea 110 KV Chena - Cerro Navia Refuerzo Sector Chena - Maipú,DIA,Aprobado,RM,Maipú,23 oct 2002,5 Feb. 2003,27 jun 2014,6196,$630.00,b,b-Líneas de transmisión eléctrica de alto voltaje,Enel Distribución Chile S.A.,-70.726295,-33.527155
Conjunto Habitacional El Abrazo II Sector,DIA,Aprobado,RM,Maipú,29 dic 2002,2 jul 2003,27 jun 2014,6234,$9.300.000,g,"g-Conjuntos habitacionales con una cantidad igual o superior a ochenta (80) viviendas o, tratándose de vivienda social, vivienda progresiva o infraestructura sanitaria, a ciento sesenta (160) viviendas",INMOBILIARIA POCURO S.A.,-70.777452,-33.545116
"Estación de Servicio Esso Avda. Pajaritos N° 3431 al 3471, Comuna de Maipú",DIA,Aprobado,RM,Maipú,1 May. 2002,20 jun 2002,24 jul 2014,14703,$1.950.000,e,e-Estaciones de servicios,ESSO Chile Petrolera Ltda.,-70.757153,-33.495935
Incorporación de Sistema Integral de Manejo de Líquidos Lixiviados y Biogás - Construcción y Operación Planta de Tratamiento de Lixiviados Relleno Sanitario Santiago Poniente COINCA S.A.,DIA,Aprobado,RM,Maipú,31 Mar. 2003,22 May. 2003,23 May. 2014,64650,$2.000.000,o,"o-Plantas de tratamiento y/o disposición de residuos sólidos de origen domiciliario, rellenos sanitarios y estaciones de transferencia que atiendan a una población igual o mayor a 5000 habitantes",Veolia SU Chile S.A.,-70.871201,-33.523165
Modificación al Plan Regulador de Santiago,DIA,Aprobado,RM,Calera de Tango-Cerrillos-El Bosque-La Pintana-Lo Espejo-Maipú-Padre Hurtado-Peñaflor-Puente Alto-San Bernardo-Talagante,1 abr 2003,19 Feb. 2004,28 May. 2014,65642,$null,h,h-Plan intercomunal,Secretaría Ministerial Metropolitana de Vivienda y Urbanismo,-70.714111,-33.625903
Parque Residencial Bosque Alto de Maipú,DIA,Aprobado,RM,Maipú,8 jun 2003,3 nov 2003,28 May. 2014,90845,$21.420.000,h,h-Proyectos inmobiliarios,Inversiones Rentas y Negocios El Bosque Ltda,-70.799095,-33.531403
Modificación de Acceso a Relleno Sanitario Santiago Poniente,DIA,Desistido,RM,Maipú,22 jul 2003,20 ene 2005,20 jun 2017,115523,$28.02,o,"o-Plantas de tratamiento y/o disposición de residuos sólidos de origen domiciliario, rellenos sanitarios y estaciones de transferencia que atiendan a una población igual o mayor a 5000 habitantes",Veolia SU Chile S.A.,-70.822592,-33.524565
Plan Regulador Comunal de Maipú,DIA,Aprobado,RM,Maipú,30 jul 2003,9 dic 2003,29 May. 2014,118759,$null,h,h-Planes reguladores comunales,Ilustre Municipalidad de Maipú,-70.789734,-33.542225
Inmobiliario El Porvenir de Maipú,DIA,Aprobado,RM,Maipú,3 sep 2003,27 Feb. 2004,29 May. 2014,140785,$11.446.850,h,h-Proyectos inmobiliarios,El Porvenir S.A.,-70.791357,-33.505499
Nueva Bodega de Sustancias Inflamables,DIA,Aprobado,RM,Maipú,2 dic 2003,10 May. 2004,25 abr 2014,215670,$350.00,ñ,"ñ-Producción, almacenamiento, disposición o reutilización o transporte por medios terrestres de sustancias inflamables, (sustancias señaladas en las clases 3 y 4 de la NCh. 2120/Of. 89)",Laboratorio Ballerina Ltda.,-70.734233,-33.530288
Centro Comercial Camino Melipilla,DIA,Aprobado,RM,Maipú,3 dic 2003,1 sep 2004,25 abr 2014,216592,$35.000.000,h,h-Proyectos inmobiliarios,Cencosud Shopping Centers S.A.,-70.737164,-33.515525
Proyecto de Recuperación y Mejoramiento de Suelos Mediante la Actividad de Extracción y Procesamiento de Aridos,DIA,No Admitido a Tramitación,RM,Maipú,9 Mar. 2004,17 Mar. 2004,5 jun 2017,284827,$985.50,i,i-Extracción de pozos o canteras,Tamarena,-70.820375,-33.508379
MODIFICACIÓN DE PLANTA DE MAIPÚ,DIA,Aprobado,RM,Maipú,12 abr 2004,17 oct 2004,25 abr 2014,306819,$20.000.000,h,h-Proyectos industriales,Laboratorio Chile S.A.,-70.734604,-33.51729
Cementerio Parque Vida Nueva,DIA,Aprobado,RM,Maipú,6 abr 2004,4 oct 2004,25 abr 2014,308570,$12.122.120,h,h-Proyectos inmobiliarios,Inmobiliaria Parque la Florida S.A,-70.760165,-33.472715
CONJUNTO HABITACIONAL LAS ALAMEDAS DE MAIPÚ,DIA,Aprobado,RM,Maipú,7 abr 2004,4 nov 2004,19 jun 2017,315014,$28.000.000,h,h-Proyectos inmobiliarios,INMOBILIARIA RIO NAPO LTDA.,-70.763301,-33.550405
DECLARACIÓN DE IMPACTO AMBIENTAL DEL PROYECTO: AMPLIACIÓN DEPENDENCIAS PULLMAN CARGO S.A. COMUNA DE MAIPÚ.,DIA,Desistido,RM,Maipú,5 sep 2004,20 oct 2004,19 jun 2017,437184,$1.000.000,e,e-Terminales de camiones,Transportes Pullman Cargo S.A.,-70.737644,-33.536646
Plan de Contingencia para el Manejo de Lodos. Planta de Tratamiento de Aguas Servidas La Farfana.,DIA,Rechazado,RM,Maipú,14 sep 2004,1 nov 2004,5 jun 2017,451753,$1.000.000,o,o-Plantas de tratamiento de aguas de origen domiciliario que atiendan a una población igual o mayor a 2500 habitantes,Aguas Andinas S.A.,-70.791881,-33.475608
Proyecto Inmobiliario Los Portales de Santa Ana,DIA,Aprobado,RM,Maipú,22 nov 2004,25 May. 2005,20 Mar. 2014,518683,$20.000.000,h,h-Proyectos inmobiliarios,Inmobiliaria Terraoeste Ltda.,-70.768572,-33.553802
Drenaje y Eliminación de Electrolito Agotado de Baterías de Plomo Ácido,DIA,Aprobado,RM,Maipú,27 dic 2004,25 oct 2005,25 Mar. 2014,545830,$166.67,o,"o-Plantas de tratamiento y/o disposición de residuos peligrosos, incluidos los infecciosos",Bravo Energy Chile S.A.,-70.75175,-33.531699
Refuerzo Tap 110 kV Pajaritos,DIA,Aprobado,RM,Maipú,19 ene 2005,27 jun 2005,25 Mar. 2014,556755,$741.75,b,b-Líneas de transmisión eléctrica de alto voltaje,Enel Distribución Chile S.A.,-70.728373,-33.482913
Proyecto Inmobiliario Hernán Díaz Arrieta,DIA,Aprobado,RM,Maipú,10 ene 2005,20 jun 2005,26 Mar. 2014,565105,$12.000.000,h,h-Proyectos inmobiliarios,CONAVICOOP,-70.796075,-33.550421
Proyecto Inmobiliario Jardines de Santa María,DIA,Aprobado,RM,Maipú,13 ene 2005,27 jun 2005,26 Mar. 2014,569453,$40.000.000,h,h-Proyectos inmobiliarios,Inmobiliaria Brotec Icafal Ltda.,-70.785933,-33.504008
Condominio La Reforma,DIA,Aprobado,RM,Maipú,10 Feb. 2005,24 jun 2005,12 Mar. 2014,602086,$14.230.000,g,"g-Conjuntos habitacionales con una cantidad igual o superior a ochenta (80) viviendas o, tratándose de vivienda social, vivienda progresiva o infraestructura sanitaria, a ciento sesenta (160) viviendas",Inmobiliaria Pocuro Centro Limitada,-70.754836,-33.481664
MODIFICACIÓN MPRMS-87,DIA,Aprobado,RM,Vitacura-Calera de Tango-Cerrillos-Cerro Navia-Colina-Conchalí-El Bosque-Estación Central-Huechuraba-Independencia-La Cisterna-La Florida-La Granja-La Pintana-La Reina-Lampa-Las Condes-Lo Barnechea-Lo Espejo-Lo Prado-Macul-Maipú-Ñuñoa-Pedro Aguirre Cerda-Peñalolén-Pirque-Providencia-Pudahuel-Puente Alto-Quilicura-Quinta Normal-Recoleta-Renca-San Bernardo-San Joaquín-San José de Maipo-San Miguel-San Ramón-Santiago,23 Feb. 2005,27 Feb. 2006,12 Mar. 2014,610415,$null,h,h-Plan intercomunal,Secretaría Ministerial Metropolitana de Vivienda y Urbanismo,-70.790998,-33.622691
ADAPTACIÓN DEL SISTEMA DE MANEJO DE LIXIVIADOS,DIA,Aprobado,RM,Maipú,20 abr 2005,16 Feb. 2006,10 Mar. 2014,660167,$200.00,t,t-Ingreso voluntario,Veolia SU Chile S.A.,-70.872787,-33.522844
Planta de Tratamiento de Residuos Industrales liquidos provenienetes del lavado de maquinaria y equipos usados en la fabricación de cosmeticos,DIA,No Admitido a Tramitación,RM,Maipú,2 Ago. 2005,16 Ago. 2005,10 jul 2017,928553,$469.18,o,"o-Sistemas de tratamiento y/o disposición de residuos industriales líquidos, que contemplen dentro de sus instalaciones lagunas de estabilización u otros depositos de los efluentes sin tratar y tratados",Alfredo Jimenez Cuervo,-70.735989,-33.521185
Proyecto Loteo Nueva San Martin 072,DIA,Aprobado,RM,Maipú,24 jul 2005,27 jul 2006,21 Feb. 2014,945287,$14.046.670,g,"g-Conjuntos habitacionales con una cantidad igual o superior a ochenta (80) viviendas o, tratándose de vivienda social, vivienda progresiva o infraestructura sanitaria, a ciento sesenta (160) viviendas",Cristián Marcel Sironvalle Cordero,-70.769887,-33.522148
DEPOSITO Y TERMINAL DE VEHICULOS MAIPU TRONCAL 1 Y TRONCAL 4 Expediente Nº89/2005,DIA,Aprobado,RM,Maipú,4 sep 2005,29 oct 2006,21 jul 2017,1002616,$6.068.966,e,e-Terminales de buses,Express de Santiago Uno S.A.,-70.801168,-33.520727
DECLARACIÓN DE IMPACTO AMBIENTAL PROYECTO,DIA,No Admitido a Tramitación,RM,Maipú,15 sep 2005,27 sep 2005,18 jul 2017,1015175,$467.00,o,"o-Sistemas de tratamiento y/o disposición de residuos industriales líquidos, que contemplen dentro de sus instalaciones lagunas de estabilización u otros depositos de los efluentes sin tratar y tratados",Beiersdorf S.A.,-70.735904,-33.520659
SISTEMA DE TRATAMIENTO DE RESIDUOS INDUSTRIALES LIQUIDOS,DIA,Aprobado,RM,Maipú,5 oct 2005,18 May. 2006,25 Feb. 2014,1049953,$467.00,o,"o-Sistemas de tratamiento y/o disposición de residuos industriales líquidos, que contemplen dentro de sus instalaciones lagunas de estabilización u otros depositos de los efluentes sin tratar y tratados",Beiersdorf S.A.,-70.73692,-33.521266
Centro de Producción de Sustratos Orgánicos Pullihue. CEPROS,EIA,Rechazado,RM,Maipú,29 jun 2005,20 sep 2006,20 dic 2012,1083463,$3.500.000,o,o-Sistemas de tratamiento y/o disposición de residuos industriales sólidos,Agroindustrial Pullihue,-70.832335,-33.490065
construccion de un nuevo terminal de buses tipo BCG1 en 5 poniente Maipú,DIA,No Admitido a Tramitación,RM,Maipú,24 nov 2005,6 dic 2005,10 jul 2017,1125856,$200.00,e,e-Terminales de buses,Simón Dosque San Martin,-70.802375,-33.514636
Modificación de la Etapa de Abandono del Proyecto de Recuperación y Mejoramiento de de suelos Mediante la Actividad de Extracción y Procesamiento de Áridos,DIA,Desistido,RM,Maipú,14 dic 2005,29 oct 2007,21 jul 2017,1152779,$500.00,i,i-Extracción de pozos o canteras,Aridos Maipú,-70.821451,-33.505845
"Mejoramiento de la Seguridad Vial Camino Rinconada, Maipú, RM",DIA,Rechazado,RM,Maipú,8 dic 2005,20 Ago. 2006,24 nov 2017,1153149,$1.009.844,o,"o-Plantas de tratamiento y/o disposición de residuos sólidos de origen domiciliario, rellenos sanitarios y estaciones de transferencia que atiendan a una población igual o mayor a 5000 habitantes",Veolia SU Chile S.A.,-70.79981,-33.507748
Elaboradora y Embotelladora de Bebidas Analcohólicas,DIA,No Admitido a Tramitación,RM,Maipú,11 dic 2005,30 dic 2005,21 jul 2017,1158159,$3.000.000,h,h-Proyectos industriales,ALIMENTOS FRUNA LTDA.,-70.747587,-33.523132
Contrucción de un Nuevo Terminal de Buses Tipo BCG1 en 5 Poniente Maipú Terminal de Buses,DIA,No Admitido a Tramitación,RM,Maipú,29 dic 2005,10 ene 2006,20 jul 2017,1193163,$200.00,e,e-Terminales de buses,Simón Dosque San Martin,-70.803773,-33.510796
Elaboradora y Embotelladora de Bebidas Analcohólicas,DIA,Aprobado,RM,Maipú,4 ene 2006,27 nov 2006,3 Feb. 2014,1199149,$3.000.000,h,h-Proyectos industriales,ALIMENTOS FRUNA LTDA.,-70.736,-33.516586
Construcción de un Nuevo terminal de buses Tipo BCG1 Exp. Nº14/2006.,DIA,Aprobado,RM,Maipú,16 ene 2006,28 sep 2008,3 Feb. 2014,1221320,$200.00,e,e-Terminales de buses,Buses Vule S.A.,-70.773659,-33.453996
Planta de Recuperación de Solventes,DIA,No Admitido a Tramitación,RM,Maipú,13 Feb. 2006,23 Feb. 2006,20 jul 2017,1277797,$4.000.000,h,h-Proyectos industriales,Juan Emilio Azolas Radojkovic,-70.763393,-33.532701
REVALORIZACIÓN DE ACEITES AGOTADOS DE FRITURA,DIA,No Admitido a Tramitación,RM,Maipú,14 Feb. 2006,23 Feb. 2006,21 jul 2017,1285111,$34.00,o,o-Sistemas de tratamiento y/o disposición de residuos industriales sólidos,TRIO S.A.,-70.731065,-33.512551
REVALORIZACIÓN DE ACEITES AGOTADOS DE FRITURA,DIA,Desistido,RM,Maipú,23 Feb. 2006,14 Mar. 2006,20 jul 2017,1307023,$34.00,o,o-Sistemas de tratamiento y/o disposición de residuos industriales sólidos,TRIO S.A.,-70.731095,-33.512862
Planta de Recuperación de Solventes Edelpa,DIA,Desistido,RM,Maipú,28 Feb. 2006,17 Mar. 2006,23 Ago. 2017,1313668,$4.000.000,h,h-Proyectos industriales,Envases del Pácifico S.A.,-70.76329,-33.533147
REVALORIZACIÓN DE ACEITES AGOTADOS DE FRITURA,DIA,Aprobado,RM,Maipú,9 Mar. 2006,20 Ago. 2006,28 ene 2014,1335403,$34.00,o,o-Sistemas de tratamiento y/o disposición de residuos industriales sólidos,Bioils S.p.A.,-70.731021,-33.512293
Proyecto Planta de Recuperación de Solventes,DIA,Aprobado,RM,Maipú,4 abr 2006,21 dic 2006,28 ene 2014,1378909,$4.000.000,h,h-Proyectos industriales,Envases del Pácifico S.A.,-70.764366,-33.532903
Bodega de Acopio de Residuos Peligrosos,DIA,No Admitido a Tramitación,RM,Maipú,16 May. 2006,2 jun 2006,24 jul 2017,1389489,$17.50,ñ,"ñ-Producción, almacenamiento, disposición o reutilización o transporte por medios terrestres de sustancias inflamables, (sustancias señaladas en las clases 3 y 4 de la NCh. 2120/Of. 89)",TEXACO CHILE S.A.C TEXACO CHEVRON,-70.729513,-33.513512
EXTRACCIÓN SUSTENTABLE DE ARENAS PARA HORMIGONES,DIA,No Admitido a Tramitación,RM,Maipú,27 abr 2006,9 May. 2006,22 Ago. 2017,1418687,$230.00,i,i-Extracción de pozos o canteras,Humberto Collado Ramírez,-70.813159,-33.523235
Deposito y Terminal de Vehiculos-El Bosque,DIA,Desistido,RM,Maipú,2 May. 2006,24 jun 2008,10 jul 2017,1421637,$961.54,e,e-Terminales de buses,Comercial Nuevo Milenio S.A.,-70.791706,-33.544857
Extracción Sustentable de Áridos para Hormigones,DIA,Rechazado,RM,Maipú,11 May. 2006,10 nov 2006,22 Ago. 2017,1440063,$230.00,i,i-Extracción de pozos o canteras,Liq-Maq Rental ltda.,-70.824502,-33.51097
Modificación de Tecnología Planta de Tratamiento de Lixiviados del Relleno Sanitario Santiago Poniente 057,DIA,Aprobado,RM,Maipú,16 May. 2006,18 ene 2007,29 ene 2014,1447476,$800.00,o,"o-Plantas de tratamiento y/o disposición de residuos sólidos de origen domiciliario, rellenos sanitarios y estaciones de transferencia que atiendan a una población igual o mayor a 5000 habitantes",Veolia SU Chile S.A.,-70.872035,-33.522918
BODEGA ACOPIO RESIDUOS PELIGROSOS,DIA,No Admitido a Tramitación,RM,Maipú,20 jul 2006,28 jul 2006,20 jul 2017,1568480,$17.50,t,t-Ingreso voluntario,TEXACO CHILE S.A.C TEXACO CHEVRON,-70.730416,-33.514581
Conjunto Habitacional Los Llanos de Maipu 1º Etapa,DIA,Aprobado,RM,Maipú,2 Ago. 2006,27 Ago. 2007,30 dic 2013,1602855,$9.272.000,g,"g-Conjuntos habitacionales con una cantidad igual o superior a ochenta (80) viviendas o, tratándose de vivienda social, vivienda progresiva o infraestructura sanitaria, a ciento sesenta (160) viviendas",Inmobiliaria Cono Sur Ltda.,-70.76134,-33.551416
CONSTRUCCIÓN DE PIQUE Y GALERÍAS PLAZA MAIPÚ,DIA,Aprobado,RM,Maipú,7 Ago. 2006,22 abr 2007,30 dic 2013,1603980,$1.850.055,e,e-Vías férreas,EMPRESA DE TRANSPORTE DE PASAJEROS METRO S.A.,-70.757113,-33.510219
CONSTRUCCIÓN DE PIQUES Y GALERÍAS TRAMO RAFAEL RIESCO LUIS GANDARILLAS.,DIA,Aprobado,RM,Maipú,13 Ago. 2006,2 May. 2007,30 dic 2013,1624426,$3.700.110,e,e-Vías férreas,EMPRESA DE TRANSPORTE DE PASAJEROS METRO S.A.,-70.756974,-33.503063
Ampliación Centro Comercial Camino Melipilla,DIA,No Admitido a Tramitación,RM,Maipú,13 Ago. 2006,25 Ago. 2006,10 jul 2017,1625527,$43.000.000,h,h-Proyectos inmobiliarios,Cencosud Shopping Centers S.A.,-70.736055,-33.515884
MODIFICACIÓN PLAN REGULADOR COMUNAL DE MAIPÚ MPRCM-1 CAMBIO DE USO DE SUELO SECTOR ALMENDRAL Modificación PRC de Maipú MPRCM-1,DIA,Aprobado,RM,Maipú,21 Ago. 2006,17 dic 2006,30 dic 2013,1638706,$null,h,h-Planes reguladores comunales,Ilustre Municipalidad de Maipú,-70.775456,-33.509091
Ampliación Centro Comercial Camino Melipilla Exp. Nº099/06,DIA,Desistido,RM,Maipú,3 sep 2006,21 dic 2006,18 jul 2017,1661953,$43.000.000,h,h-Proyectos inmobiliarios,Cencosud Shopping Centers S.A.,-70.737061,-33.516253
Bodega de Acopio de Residuos Peligrosos,DIA,Aprobado,RM,Maipú,14 sep 2006,10 ene 2008,31 dic 2013,1688099,$17.50,t,t-Ingreso voluntario,TEXACO CHILE S.A.C.,-70.730416,-33.514581
Declaración de Impato Ambiental proyecto,DIA,No Admitido a Tramitación,RM,Maipú,23 oct 2006,7 nov 2006,23 Ago. 2017,1761311,$75.90,o,o-Sistemas de tratamiento y/o disposición de residuos industriales sólidos,Till Heinichen Heinichen,-70.766709,-33.534782
Sistema de lavado de envases planta industrial Clariant Chile,DIA,No Admitido a Tramitación,RM,Maipú,27 nov 2006,14 dic 2006,17 Ago. 2017,1794601,$76.35,o,o-Sistemas de tratamiento y/o disposición de residuos industriales sólidos,Till Heinichen Heinichen,-70.766533,-33.534045
Las Casas de Maipú Exp. Nº150,DIA,Aprobado,RM,Maipú,26 nov 2006,23 jul 2007,10 Ago. 2017,1829666,$10.000.000,g,"g-Conjuntos habitacionales con una cantidad igual o superior a ochenta (80) viviendas o, tratándose de vivienda social, vivienda progresiva o infraestructura sanitaria, a ciento sesenta (160) viviendas",Inmobiliaria y Constructora ALHUNE Ltda.,-70.781081,-33.544559
"Construcción Nuevo Estanque para Kerosene Doméstico, Planta Maipú",DIA,Aprobado,RM,Maipú,5 dic 2006,28 ene 2008,13 dic 2013,1853520,$750.00,ñ,"ñ-Producción, almacenamiento, disposición o reutilización o transporte por medios terrestres de sustancias tóxicas, (sustancias señaladas en la Clase 6,1 de la NCh. 382, Of. 89)",ENAP REFINERIAS S.A,-70.757738,-33.541646
"Refuerzo Línea de Transmisión 110 kV Chena - Cerro Navia, S/E Maipú - Tap S/E Pajaritos 001/2006.",DIA,Aprobado,RM,Cerrillos-Maipú,26 dic 2006,11 sep 2007,13 dic 2013,1890586,$1.871.393,b,b-Líneas de transmisión eléctrica de alto voltaje,ENEL DISTRIBUCIÓN S.A.,-70.730876,-33.515512
Captura y Quema de Biogás del Relleno Sanitario Santiago Poniente,DIA,Aprobado,RM,Maipú,7 ene 2007,18 May. 2008,22 Ago. 2017,1893824,$null,o,"o-Plantas de tratamiento y/o disposición de residuos sólidos de origen domiciliario, rellenos sanitarios y estaciones de transferencia que atiendan a una población igual o mayor a 5000 habitantes",Veolia SU Chile S.A.,-70.869189,-33.527741
Sistema de Lavado de Envases Planta Industrial Clariant Chile,DIA,No Admitido a Tramitación,RM,Maipú,11 Mar. 2007,26 Mar. 2007,23 Ago. 2017,1933193,$74.50,o,o-Sistemas de tratamiento y/o disposición de residuos industriales sólidos,Clariant Colorquímica (Chile) Limitada,-70.766501,-33.534082
Sistema de lavado de envases Planta Industrial Clariant Chile,DIA,No Admitido a Tramitación,RM,Maipú,23 ene 2007,6 Feb. 2007,23 Ago. 2017,1938317,$74.07,o,o-Sistemas de tratamiento y/o disposición de residuos industriales sólidos,Color Química Clariant (Chile) Limitada,-70.766501,-33.534082
"Proyecto Metro Maipú, Construcción de Piques y Galerías Teniente Cruz, Estadio Municipal Pudahuel, Bonilla y Zanjón de la Aguada",DIA,Aprobado,RM,Maipú-Pudahuel,30 ene 2007,29 nov 2007,11 dic 2013,1967490,$7.617.396,e,e-Vías férreas,EMPRESA DE TRANSPORTE DE PASAJEROS METRO S.A.,-70.753169,-33.489741
"Proyecto Metro Maipú, Construcción Viaducto de Estaciones e Interestaciones Tramo Laguna Sur-Paradero 12.",DIA,Aprobado,RM,Maipú-Pudahuel,11 Mar. 2007,26 Feb. 2008,27 nov 2013,1973806,$36.800.000,e,e-Vías férreas,EMPRESA DE TRANSPORTE DE PASAJEROS METRO S.A.,-70.737812,-33.46284
DECLARACION DE IMPACTO AMBIENTAL PROYECTO SITIO BUSTOS.,DIA,No Admitido a Tramitación,RM,Maipú,15 May. 2007,29 May. 2007,9 Ago. 2017,2148921,$5.000.000,h,h-Proyectos industriales,JUAN PABLO CORTES BAIRD,-70.72615,-33.517266
"PROYECTO METRO MAIPÚ, CONSTRUCCIÓN ESTACIONES E INTERESTACIONES TRAMO RAFAEL RIESCO- PLAZA MAIPÚ",DIA,Aprobado,RM,Maipú,23 May. 2007,26 Feb. 2008,29 nov 2013,2156398,$36.800.000,e,e-Vías férreas,EMPRESA DE TRANSPORTE DE PASAJEROS METRO S.A.,-70.755371,-33.51083
Sistema de Tratamiento de RILes - PTA Lonquén,DIA,No Admitido a Tramitación,RM,Maipú,25 jun 2007,9 jul 2007,22 Ago. 2017,2202697,$53.45,o,"o-Sistemas de tratamiento y/o disposición de residuos industriales líquidos, que contemplen dentro de sus instalaciones lagunas de estabilización u otros depositos de los efluentes sin tratar y tratados",VETERQUIMICA LTDA.,-70.730484,-33.525031
Cantera de Pumicita - Fundo La Ovejería,DIA,Desistido,RM,Maipú,6 sep 2007,25 nov 2007,25 sep 2017,2372540,$215.00,i,i-Extracción de pozos o canteras,Arirsa Chile Limitada,-70.837719,-33.532461
Almacenamiento Temporal de Residuos Peligrosos,DIA,Aprobado,RM,Maipú,6 nov 2007,19 Feb. 2009,29 oct 2013,2485241,$1.00,ñ,"ñ-Producción, almacenamiento, disposición o reutilización o transporte por medios terrestres de sustancias tóxicas, (sustancias señaladas en la Clase 6,1 de la NCh. 382, Of. 89)",Bravo Energy Chile S.A.,-70.750813,-33.532537
100% Saneamiento de la Cuenca de Santiago,EIA,Aprobado,RM,Maipú-Padre Hurtado,29 nov 2007,1 abr 2009,18 dic 2012,2577800,$420.000.000,o,o-Plantas de tratamiento de aguas de origen domiciliario que atiendan a una población igual o mayor a 2500 habitantes,Aguas Andinas S.A.,-70.82875,-33.538634
Ampliación de Actividades Centro de Distribución Maipú,DIA,Aprobado,RM,Maipú,20 ene 2008,2 abr 2009,28 oct 2013,2650802,$4.181.650,ñ,"ñ-Producción, almacenamiento, disposición o reutilización o transporte por medios terrestres, de sustancias corrosivas o reactivas, que se realicen con una periodicidad mensual o mayor, en una cantidad igual o superior a 120000 Kg/día","EMASA, EQUIPOS Y MAQUINARIAS S.A.",-70.751729,-33.521874
Transporte de Propano en Situaciones de Emergencia desde Maipú a Peñalolén,DIA,Aprobado,RM,Cerrillos-La Cisterna-La Florida-La Granja-La Reina-Lo Espejo-Macul-Maipú-Ñuñoa-Peñalolén-San Ramón,27 ene 2008,26 Ago. 2008,2 oct 2013,2672558,$300.00,ñ,"ñ-Producción, almacenamiento, disposición o reutilización o transporte por medios terrestres de sustancias inflamables, (sustancias señaladas en las clases 3 y 4 de la NCh. 2120/Of. 89)",gasmar s.a.,-70.776493,-33.529295
PARQUES DE MAIPÚ,DIA,No Admitido a Tramitación,RM,Maipú,6 Mar. 2008,10 Mar. 2008,15 sep 2017,2764382,$63.000.000,h,h-Proyectos inmobiliarios,ADMINISTRADORA SAN FRANCISCO S.A.,-70.757081,-33.477213
PARQUES DE MAIPÚ,DIA,Aprobado,RM,Maipú,13 Mar. 2008,26 ene 2009,26 sep 2013,2781026,$63.000.000,h,h-Proyectos inmobiliarios,ADMINISTRADORA SAN FRANCISCO S.A.,-70.757507,-33.476991
Aumento de Capacidad Planta Neumáticos,DIA,Aprobado,RM,Maipú,16 abr 2008,3 jun 2009,26 sep 2013,2847449,$420.000.000,h,h-Proyectos industriales,Goodyear de Chile S.A.I.C,-70.760804,-33.530303
TRANSPORTE DE EXPLOSIVOS Y CARGAS PELIGROSAS,DIA,No Admitido a Tramitación,Interregional,Vicuña-Alto Hospicio-Andacollo-Antofagasta-Arica-Cabildo-Calama-Canela-Casablanca-Castro-Chaitén-Chañaral-Chile Chico-Coyhaique-Copiapó-Coquimbo-Dalcahue-Diego de Almagro-Illapel-Iquique-La Higuera-La Ligua-La Serena-Lampa-Llanquihue-Los Andes-Los Vilos-Machalí-Maipú-María Elena-Mejillones-Ovalle-Pozo Almonte-Pudahuel-Puerto Montt-Quilicura-Rancagua-Río Hurtado-Salamanca-San Antonio-San Fernando-San Pedro de Atacama-Taltal-Tierra Amarilla-Tocopilla-Vallenar-Valparaíso,29 jun 2008,13 jul 2008,2 ene 2014,3004520,$null,ñ,"ñ-Producción, almacenamiento, disposición o reutilización o trasporte por medios terrestres de sustancias explosivas, (sustancias señaladas en la Clase 1.1 de la NCh. 382, Of. 89)",TRANSORTE DE CARGAS POR CARRETERA,-70.780819,-33.427158
TRANSPORTE DE EXPLOSIVOS Y CARGAS PELIGROSAS,DIA,Desistido,Interregional,Vicuña-Alto Hospicio-Andacollo-Antofagasta-Arica-Cabildo-Calama-Canela-Casablanca-Castro-Chaitén-Chañaral-Chile Chico-Coyhaique-Colina-Copiapó-Coquimbo-Dalcahue-Diego de Almagro-Illapel-Iquique-La Higuera-La Ligua-La Serena-Lampa-Llanquihue-Los Andes-Los Vilos-Machalí-Maipú-María Elena-Mejillones-Ovalle-Pozo Almonte-Pudahuel-Puerto Montt-Quilicura-Rancagua-Río Hurtado-Salamanca-San Antonio-San Fernando-San Pedro de Atacama-Taltal-Tierra Amarilla-Tocopilla-Vallenar-Valparaíso,8 jul 2008,4 Ago. 2008,2 ene 2014,3024415,$null,ñ,"ñ-Producción, almacenamiento, disposición o reutilización o trasporte por medios terrestres de sustancias explosivas, (sustancias señaladas en la Clase 1.1 de la NCh. 382, Of. 89)",TRANSORTE DE CARGAS POR CARRETERA,-70.780819,-33.427158
Proyecto Sitio Bustos,DIA,Aprobado,RM,Maipú,7 Ago. 2008,5 jul 2009,27 Ago. 2013,3091784,$5.000.000,h,h-Proyectos industriales,Cintac S.A.I.C.,-70.726153,-33.517282
Declaración de impacto ambiental Sistema de tratamiento de RILes ACMANET S.A.,DIA,No Admitido a Tramitación,RM,Maipú,13 Ago. 2008,28 Ago. 2008,20 sep 2017,3110788,$220.00,o,"o-Sistemas de tratamiento y/o disposición de residuos industriales líquidos, que contemplen dentro de sus instalaciones lagunas de estabilización u otros depositos de los efluentes sin tratar y tratados",ACAMANET S.A.,-70.759535,-33.535506
Declaración de impacto ambiental sistemas de tratamiento de residuos industriales líquidos ACMANET S.A. 162/08,DIA,Aprobado,RM,Maipú,1 sep 2008,8 jun 2009,29 Ago. 2013,3129948,$220.00,o,"o-Sistemas de tratamiento y/o disposición de residuos industriales líquidos, que contemplen dentro de sus instalaciones lagunas de estabilización u otros depositos de los efluentes sin tratar y tratados",ACAMANET S.A.,-70.759519,-33.533848
Modificación Planta de Combustibles Maipú Construcción Estanque T-12,DIA,No Admitido a Tramitación,RM,Maipú,27 Ago. 2008,8 sep 2008,4 sep 2017,3133569,$3.000.000,ñ,"ñ-Producción, almacenamiento, disposición o reutilización o transporte por medios terrestres de sustancias inflamables, (sustancias señaladas en las clases 3 y 4 de la NCh. 2120/Of. 89)",Compañía de Petróleos de Chile COPEC S.A.,-70.752838,-33.528811
Modificación Planta de Combustibles Maipú Construcción Estanque T-12,DIA,Aprobado,RM,Maipú,4 sep 2008,30 jul 2009,29 Ago. 2013,3158383,$3.000.000,ñ,"ñ-Producción, almacenamiento, disposición o reutilización o transporte por medios terrestres de sustancias inflamables, (sustancias señaladas en las clases 3 y 4 de la NCh. 2120/Of. 89)",Compañía de Petróleos de Chile COPEC S.A.,-70.752369,-33.526933
Conjunto Habitacional Los Llanos de Maipú III,DIA,Aprobado,RM,Maipú,12 oct 2008,29 abr 2009,29 Ago. 2013,3264253,$21.000.000,h,h-Proyectos inmobiliarios,Inmobiliaria Cono Sur Ltda.,-70.763831,-33.546285
RED LOGISTICA DE TRANSPORTE DE BATERIAS,DIA,No Admitido a Tramitación,Interregional,Vicuña-Villa Alegre-Viña del Mar-Vitacura-Alto Hospicio-Alhué-Andacollo-Antofagasta-Arauco-Arica-Buin-Bulnes-Cabildo-Cabrero-Calama-Caldera-La Calera-Calera de Tango-Calle Larga-Camarones-Canela-Casablanca-Catemu-Cerrillos-Cerro Navia-Chañaral-Chillán-Chillán Viejo-Chimbarongo-Colina-Collipulli-Concón-Concepción-Conchalí-Constitución-Copiapó-Coquimbo-Coronel-Corral-Curacaví-Curicó-Diego de Almagro-El Bosque-El Monte-Ercilla-Estación Central-Freire-Frutillar-Futrono-General Lagos-Gorbea-Graneros-Hijuelas-Hualañé-Huara-Huechuraba-Illapel-Independencia-Iquique-Isla de Maipo-La Cisterna-La Cruz-La Florida-La Granja-La Higuera-La Ligua-La Pintana-La Reina-La Serena-La Unión-Lago Ranco-Laja-Lampa-Lanco-Las Cabras-Las Condes-Lautaro-Licantén-Linares-Llay Llay-Llanquihue-Lo Espejo-Lo Prado-Loncoche-Longaví-Lonquimay-Los Andes-Los Angeles-Los Lagos-Los Vilos-Lota-Machalí-Macul-Máfil-Maipú-María Elena-María Pinto-San José de la Mariquina-Maule-Mejillones-Melipilla-Molina-Mulchén-Nacimiento-Ñiquén-Nogales-Ñuñoa-Osorno-Ovalle-Padre Hurtado-Padre Las Casas-Paillaco-Paine-Palena-Panguipulli-Parral-Pedro Aguirre Cerda-Pelarco-Peñaflor-Peñalolén-Penco-Perquenco-Pica-Pirque-Pitrufquén-Pozo Almonte-Providencia-Pudahuel-Puente Alto-Puerto Montt-Puerto Varas-Purranque-Putre-Quilicura-Quinta Normal-Rancagua-Rauco-Recoleta-Renca-Rengo-Requinoa-Retiro-Rinconada-Río Bueno-Río Claro-Río Negro-Salamanca-San Antonio-San Bernardo-San Carlos-San Fernando-Mostazal-San Javier-San Joaquín-San José de Maipo-San Miguel-San Pablo-San Pedro-San Pedro de la Paz-San Rafael-San Ramón-San Vicente-Santa Bárbara-Santiago-Sierra Gorda-Talagante-Talca-Talcahuano-Taltal-Temuco-Teno-Tierra Amarilla-Til-Til-Tocopilla-Tomé-Valdivia-Vallenar-Valparaíso-Victoria,14 oct 2008,3 nov 2008,2 ene 2014,3266344,$300.00,ñ,"ñ-Producción, almacenamiento, disposición o reutilización o transporte por medios terrestres, de sustancias corrosivas o reactivas, que se realicen con una periodicidad mensual o mayor, en una cantidad igual o superior a 120000 Kg/día","EMASA, EQUIPOS Y MAQUINARIAS S.A.",-70.751191,-33.520818
"Adecuación del Sistema de Impermeabilización del Relleno Sanitario Santiago Poniente, al D.S. 189/05 del MINSAL",DIA,Aprobado,RM,Maipú,29 oct 2008,1 jun 2009,29 Ago. 2013,3312761,$null,o,"o-Plantas de tratamiento y/o disposición de residuos sólidos de origen domiciliario, rellenos sanitarios y estaciones de transferencia que atiendan a una población igual o mayor a 5000 habitantes",Veolia SU Chile S.A.,-70.871391,-33.522026
RED LOGISTICA DE TRANSPORTE DE BATERIAS,DIA,Aprobado,Interregional,Vicuña-Vilcún-Villa Alegre-Villa Alemana-Viña del Mar-Vitacura-Yerbas Buenas-Yumbel-Zapallar-Hualpén-Alto Hospicio-Alto Biobío-Algarrobo-Alhué-Andacollo-Antofagasta-Arauco-Arica-Buin-Bulnes-Cabildo-Cabrero-Calama-Caldera-La Calera-Calera de Tango-Calle Larga-Camarones-Canela-Cartagena-Casablanca-Catemu-Cerrillos-Cerro Navia-Chañaral-Chillán-Chillán Viejo-Chimbarongo-Codegua-Colbún-Colina-Collipulli-Combarbalá-Concón-Concepción-Conchalí-Constitución-Copiapó-Coquimbo-Coronel-Corral-Curacaví-Curanilahue-Curepto-Curicó-Diego de Almagro-El Bosque-Ercilla-Estación Central-Florida-Freire-Frutillar-General Lagos-Gorbea-Graneros-Hijuelas-Hualañé-Hualqui-Huara-Huechuraba-Illapel-Independencia-Iquique-Isla de Maipo-La Cisterna-La Cruz-La Florida-La Granja-La Higuera-La Ligua-La Pintana-La Reina-La Serena-La Unión-Lago Ranco-Laja-Lampa-Lanco-Las Cabras-Las Condes-Lautaro-Licantén-Limache-Linares-Llay Llay-Llanquihue-Lo Barnechea-Lo Espejo-Lo Prado-Loncoche-Longaví-Los Andes-Los Angeles-Los Lagos-Los Vilos-Lota-Machalí-Macul-Máfil-Maipú-Malloa-María Elena-María Pinto-San José de la Mariquina-Maule-Mejillones-Melipilla-Molina-Mulchén-Nacimiento-Nancagua-Negrete-Ñiquén-Nogales-Nueva Imperial-Ñuñoa-Olivar-Osorno-Ovalle-Padre Hurtado-Padre Las Casas-Paillaco-Paine-Palmilla-Panguipulli-Papudo-Parral-Pedro Aguirre Cerda-Pemuco-Peñaflor-Peñalolén-Penco-Perquenco-Pica-Pirque-Pitrufquén-Placilla-Pozo Almonte-Providencia-Pudahuel-Puente Alto-Puerto Montt-Puerto Varas-Purranque-Putre-Quilaco-Quilicura-Quilleco-Quillón-Quillota-Quilpué-Quinta Normal-Quintero-Rancagua-Ranquil-Rauco-Recoleta-Renca-Rengo-Requinoa-Retiro-Rinconada-Río Bueno-Río Claro-Río Hurtado-Río Negro-Romeral-Sagrada Familia-Salamanca-San Antonio-San Bernardo-San Carlos-San Esteban-San Felipe-San Fernando-Mostazal-San Javier-San Joaquín-San José de Maipo-San Miguel-San Nicolás-San Pablo-San Pedro-San Pedro de la Paz-San Rafael-San Ramón-San Rosendo-San Vicente-Santa Bárbara-Santa Cruz-Santa Juana-Santa María-Santiago-Sierra Gorda-Talagante-Talca-Talcahuano-Taltal-Temuco-Teno-Tierra Amarilla-Til-Til-Tocopilla-Tomé-Valdivia-Vallenar-Valparaíso-Victoria,29 oct 2008,29 Mar. 2009,26 Feb. 2013,3313847,$300.00,ñ,"ñ-Producción, almacenamiento, disposición o reutilización o transporte por medios terrestres, de sustancias corrosivas o reactivas, que se realicen con una periodicidad mensual o mayor, en una cantidad igual o superior a 120000 Kg/día","EMASA, EQUIPOS Y MAQUINARIAS S.A.",-70.751191,-33.520816
"DECLARACIÓN DE IMPACTO AMBIENTAL MODIFICACIÓN PROYECTO METRO MAIPÚ, CONSTRUCCIÓN ESTACIONES E INTERESTACIONES TRAMO RIESCO PLAZA MAIPÚ",DIA,Aprobado,RM,Maipú,9 nov 2008,3 sep 2009,29 Ago. 2013,3325016,$36.800.000,e,e-Terminales de buses,EMPRESA DE TRANSPORTE DE PASAJEROS METRO S.A.,-70.745978,-33.483232
Taller de Mantencion Division Industrial Empresas Pullman,DIA,No Admitido a Tramitación,RM,Maipú,4 dic 2008,25 dic 2008,15 sep 2017,3405659,$1.067.661,e,e-Terminales de buses,patricia andrea reyes araya,-70.738422,-33.535997
Línea de transmisión 110 kV Santa Marta- Padre Hurtado y Subestación eléctrica 110/12-23 kV Padre Hurtado,DIA,Aprobado,RM,Maipú-Padre Hurtado,17 dic 2008,29 oct 2009,27 Ago. 2013,3434591,$13.500.000,b,b-Líneas de transmisión eléctrica de alto voltaje,Compañía General de Electricidad S.A.,-70.808652,-33.562709
SISTEMA AMÉRICO VESPUCIO SUR (RUTA 78 AVENIDA GRECIA),DIA,Aprobado,RM,Cerrillos-La Cisterna-La Florida-La Granja-Lo Espejo-Macul-Maipú-Peñalolén-San Ramón,25 dic 2008,18 oct 2010,25 jul 2013,3452659,$746.317.700,e,e-Autopistas,MINISTERIO DE OBRAS PÚBLICAS,-70.749118,-33.490591
Taller de Mantención División Industrial Empresas Pullman,DIA,Desistido,RM,Maipú,29 dic 2008,16 Feb. 2009,20 sep 2017,3460225,$1.143.284,e,e-Terminales de buses,patricia andrea reyes araya,-70.738415,-33.536085
cementerio parque El Olivo,DIA,Aprobado,RM,Maipú,9 jul 2009,2 sep 2010,29 jul 2013,3844895,$11,g,"g-Proyectos de equipamiento que correspondan a predios y/o edificios destinados en forma permanente a salud, educación, seguridad, culto, deporte, esparcimiento, cultura, transporte, comercio o servicios, y que contemplen al menos una de las siguientes especificaciones:",Inmobiliaria Parques y Jardines S.A.,-70.764434,-33.474719
Actualización y Regularización del Relleno Sanitario Santiago Poniente,DIA,Desistido,RM,Maipú,2 jul 2009,24 sep 2009,19 oct 2017,3882148,$null,o,"o-Plantas de tratamiento y/o disposición de residuos sólidos de origen domiciliario, rellenos sanitarios y estaciones de transferencia que atiendan a una población igual o mayor a 5000 habitantes",Veolia SU Chile S.A.,-70.87564,-33.519843
Prórrogas Vialidad Colectora y Afectaciones a Utilidad Pública Plan Regulador Comunal,DIA,Aprobado,RM,Maipú,26 jul 2009,1 nov 2009,25 jul 2013,3927420,$null,h,h-Planes reguladores comunales,Ilustre Municipalidad de Maipú,-70.764845,-33.458905
Piscina de Separación de Sentinas y Agua,DIA,Desistido,RM,Maipú,28 sep 2009,13 abr 2011,24 oct 2017,4070972,$150.00,o,"o-Plantas de tratamiento y/o disposición de residuos peligrosos, incluidos los infecciosos",Bravo Energy Chile S.A.,-70.751113,-33.531947
DEPOSITO Y TERMINAL DE VEHÍCULOS MAIPÚ TRONCAL 1,DIA,Aprobado,RM,Maipú,19 nov 2009,5 jun 2011,20 jun 2013,4161457,$6.544.306,e,e-Terminales de buses,ALSACIA S.A.,-70.806112,-33.5157
Nuevo Estanque de Combustible Estación de Servicio PETROBRAS Ciudad Satélite Maipú,DIA,Aprobado,RM,Maipú,17 nov 2009,14 abr 2010,20 jun 2013,4200339,$30.00,e,e-Estaciones de servicios,Petrobras Chile Distribución Ltda.,-70.795441,-33.55465
Relleno Sanitario Santiago Poniente Ajustes al Acceso Vial,DIA,Aprobado,RM,Maipú,20 dic 2009,22 oct 2012,28 jun 2013,4269476,$null,o,"o-Plantas de tratamiento y/o disposición de residuos sólidos de origen domiciliario, rellenos sanitarios y estaciones de transferencia que atiendan a una población igual o mayor a 5000 habitantes",Veolia SU Chile S.A.,-70.865017,-33.519976
Aprovechamiento Energetico de Residuos industriales,DIA,Desistido,RM,Maipú,4 ene 2010,23 nov 2011,23 oct 2017,4298254,$4.000.000,o,"o-Plantas de tratamiento y/o disposición de residuos peligrosos, incluidos los infecciosos",Bravo Energy Chile S.A.,-70.751621,-33.531498
Planta Reciclaje Sociedad Comercializadora Prohesa Ltda.,DIA,No Admitido a Tramitación,RM,Maipú,12 abr 2010,22 abr 2010,30 oct 2017,4345334,$400.00,o,o-Sistemas de tratamiento y/o disposición de residuos industriales sólidos,FELIPE AEDO SEPULVEDA,-70.734951,-33.520369
Planta de Reciclaje de Plastico Sociedad Comercializadora Prohesa ltda.,DIA,No Admitido a Tramitación,RM,Maipú,25 ene 2010,3 Feb. 2010,27 nov 2017,4346435,$400.00,o,o-Sistemas de tratamiento y/o disposición de residuos industriales sólidos,FELIPE AEDO SEPULVEDA,-70.734827,-33.520381
Planta de Reciclaje de Plasticos Sociedad Comercializadora Prohesa ltda.,DIA,Desistido,RM,Maipú,24 nov 2010,22 May. 2011,19 oct 2017,4605752,$400.00,o,o-Sistemas de tratamiento y/o disposición de residuos industriales sólidos,Sociedad Comercializadora Prohesa Ltda.,-70.734209,-33.520164
Bodega de Almacenamiento Sustancias Inflamables,DIA,Desistido,RM,Maipú,18 Ago. 2010,15 sep 2011,20 nov 2017,4789901,$450.00,ñ,"ñ-Producción, almacenamiento, disposición o reutilización o transporte por medios terrestres de sustancias inflamables, (sustancias señaladas en las clases 3 y 4 de la NCh. 2120/Of. 89)",Pinturas Sipa S.A.,-70.7496,-33.53532
Tratamiento Externo de los Lixiviados del Relleno Sanitario Santiago Poniente,DIA,Aprobado,RM,Maipú-Padre Hurtado,29 jul 2010,11 dic 2012,29 May. 2013,4804511,$1.236.000.000,o,"o-Sistemas de tratamiento y/o disposición de residuos industriales líquidos, que contemplen dentro de sus instalaciones lagunas de estabilización u otros depositos de los efluentes sin tratar y tratados",Veolia SU Chile S.A.,-70.869682,-33.52216
Actualización del sistema de tratamiento de biogás del RSSP,DIA,Desistido,RM,Maipú,22 Ago. 2010,26 jul 2012,20 nov 2017,4864832,$140.00,o,"o-Plantas de tratamiento y/o disposición de residuos sólidos de origen domiciliario, rellenos sanitarios y estaciones de transferencia que atiendan a una población igual o mayor a 5000 habitantes",Veolia SU Chile S.A.,-70.867117,-33.524535
Planta Curtiembre Rufino Melero - Maipú,DIA,Aprobado,RM,Maipú,2 sep 2010,18 ene 2011,20 nov 2017,4901729,$5.940.040,k,k-Instalaciones fabriles de curtiembres cuya capacidad de producción es superior a 30 mt2/día,CURTIEMBRE RUFINO MELERO S.A,-70.751887,-33.533686
Ciudad Satelite Maipu 3 Expediente 075/10,DIA,Aprobado,RM,Maipú,13 sep 2010,27 Mar. 2011,6 oct 2017,4932737,$12.280.000,h,h-Proyectos inmobiliarios,INMOBILIARIA SOCOVESA SANTIAGO S.A.,-70.766396,-33.570164
CENTRO AUTORIZADO DE DESMONTAJE DE VEHICULOS,DIA,Aprobado,RM,Maipú,22 sep 2010,20 oct 2011,29 May. 2013,4938105,$2.100.000,o,o-Sistemas de tratamiento y/o disposición de residuos industriales sólidos,DESGUACES INTEGRALES S.A.,-70.7364,-33.5337
Ampliación de los Procesos para la Producción de Selenio y sus Compuestos,DIA,Desistido,RM,Maipú,28 oct 2010,11 nov 2010,23 oct 2017,5019660,$270.00,o,o-Sistemas de tratamiento y/o disposición de residuos industriales sólidos,Corporación Minera y Química S.A. (Corrmiquim S.A),-70.735755,-33.525694
Horno Híbrido Toro - Maipú,DIA,Aprobado,RM,Maipú,1 dic 2010,4 oct 2011,2 May. 2013,5106242,$45.000.000,h,h-Proyectos industriales,Cristalerías Toro S.p.A.,-70.74877,-33.549763
"POTENCIACIÓN DE LÍNEA DE TRANSMISIÓN ELÉCTRICA DE 110 kV CHENA - CERRO NAVIA, TRAMO TAP PAJARITOS - TAP SAN JOSÉ",DIA,Aprobado,RM,Estación Central-Lo Prado-Maipú,25 nov 2010,3 Feb. 2011,3 May. 2013,5108899,$2.080.674,b,b-Líneas de transmisión eléctrica de alto voltaje,Enel Distribución Chile S.A.,-70.731377,-33.482824
Ampliación de Procesos para Producción de Selenio y sus Compuestos,DIA,Aprobado,RM,Maipú,5 ene 2011,29 Mar. 2012,27 May. 2013,5205090,$270.00,o,o-Sistemas de tratamiento y/o disposición de residuos industriales sólidos,Corporación Minera y Química S.A. (Corrmiquim S.A),-70.73528,-33.525262
Ampliación de la Capacidad de Almacenamiento de Combustibles Estación de Servicio COPEC Pajaritos 5.200,DIA,Aprobado,RM,Maipú,24 ene 2011,27 abr 2011,26 abr 2013,5277306,$53.00,e,e-Estaciones de servicios,Compañía de Petróleos de Chile COPEC S.A.,-70.740167,-33.474088
Ampliación Arauco Maipú,DIA,Aprobado,RM,Maipú,8 Ago. 2011,2 Feb. 2012,26 Mar. 2013,5901385,$13.945.000,h,h-Proyectos inmobiliarios,CONSTRUCTORA Y ADMINISTRADORA UNO S.A.,-70.750645,-33.481453
Transporte de Residuos Industriales Peligrosos,DIA,No Admitido a Tramitación,Interregional,Viña del Mar-Vitacura-Zapallar-Alto Hospicio-Alhué-Antofagasta-Arica-Buin-Calama-Caldera-Calera de Tango-Calle Larga-Camarones-Canela-Casablanca-Cerrillos-Cerro Navia-Chañaral-Colina-Conchalí-Copiapó-Coquimbo-Curacaví-Diego de Almagro-El Bosque-El Monte-Estación Central-Freirina-Hijuelas-Huara-Huasco-Huechuraba-Independencia-Iquique-Isla de Maipo-La Cisterna-La Florida-La Granja-La Higuera-La Ligua-La Pintana-La Reina-La Serena-Lampa-Las Condes-Llay Llay-Lo Barnechea-Lo Espejo-Lo Prado-Los Vilos-Macul-Maipú-María Elena-María Pinto-Melipilla-Nogales-Ñuñoa-Ovalle-Padre Hurtado-Paine-Panquehue-Papudo-Pedro Aguirre Cerda-Peñaflor-Peñalolén-Pirque-Pozo Almonte-Providencia-Pudahuel-Puente Alto-Quilicura-Quinta Normal-Recoleta-Renca-San Antonio-San Bernardo-San Felipe-San Joaquín-San José de Maipo-San Miguel-San Pedro-San Ramón-Santiago-Sierra Gorda-Talagante-Taltal-Til-Til-Vallenar-Valparaíso,7 nov 2011,20 nov 2011,10 ene 2014,6183206,$200.00,ñ,"ñ-Producción, almacenamiento, disposición o reutilización o transporte por medios terrestres de sustancias tóxicas, (sustancias señaladas en la Clase 6,1 de la NCh. 382, Of. 89)",Transportes Alcayaga y Rovira Ltda.,-70.7212,-33.5589
"Planta de Reciclaje de Residuos Electrónicos, Metálicos y Plásticos",DIA,No Admitido a Tramitación,RM,Vitacura-Alhué-Buin-Calera de Tango-Cerrillos-Cerro Navia-Colina-Conchalí-Curacaví-El Bosque-El Monte-Estación Central-Huechuraba-Independencia-Isla de Maipo-La Cisterna-La Florida-La Granja-La Pintana-La Reina-Lampa-Las Condes-Lo Barnechea-Lo Espejo-Lo Prado-Macul-Maipú-María Pinto-Melipilla-Ñuñoa-Padre Hurtado-Paine-Pedro Aguirre Cerda-Peñaflor-Peñalolén-Pirque-Providencia-Pudahuel-Puente Alto-Quilicura-Quinta Normal-Recoleta-Renca-San Bernardo-San Joaquín-San José de Maipo-San Miguel-San Pedro-San Ramón-Santiago-Talagante-Til-Til,8 nov 2011,16 nov 2011,20 nov 2017,6246614,$800.00,ñ,"ñ-Producción, almacenamiento, disposición o reutilización o transporte por medios terrestres de sustancias tóxicas, (sustancias señaladas en la Clase 6,1 de la NCh. 382, Of. 89)",Neociclo Ltda.,-70.719907,-33.560067
Bodegas de almacenamiento y distribución de productos qúímicos,DIA,Aprobado,RM,Maipú,17 nov 2011,4 jul 2012,26 Mar. 2013,6260987,$300.00,ñ,"ñ-Producción, almacenamiento, disposición o reutilización o transporte por medios terrestres de sustancias tóxicas, (sustancias señaladas en la Clase 6,1 de la NCh. 382, Of. 89)",PROQUIEL LTDA,-70.746534,-33.535014
Planta Novoflex,DIA,Desistido,RM,Maipú,28 dic 2011,10 ene 2012,28 nov 2017,6442503,$30.000.000,h,h-Proyectos industriales,Envases del Pacífico S.A.,-70.741638,-33.520373
Planta Novoflex,DIA,Aprobado,RM,Maipú,9 ene 2012,27 Ago. 2012,26 Feb. 2013,6477709,$30.000.000,h,h-Proyectos industriales,Envases del Pacífico S.A.,-70.737566,-33.524337
"Planta de Reciclaje de Residuos Electrónicos, Metálicos y Plásticos",DIA,Desistido,RM,Vitacura-Alhué-Buin-Calera de Tango-Cerrillos-Cerro Navia-Colina-Conchalí-Curacaví-El Bosque-El Monte-Estación Central-Huechuraba-Independencia-Isla de Maipo-La Cisterna-La Florida-La Granja-La Pintana-La Reina-Lampa-Las Condes-Lo Barnechea-Lo Espejo-Lo Prado-Macul-Maipú-María Pinto-Melipilla-Ñuñoa-Padre Hurtado-Paine-Pedro Aguirre Cerda-Peñaflor-Peñalolén-Pirque-Providencia-Pudahuel-Puente Alto-Quilicura-Quinta Normal-Recoleta-Renca-San Bernardo-San Joaquín-San José de Maipo-San Miguel-San Pedro-San Ramón-Santiago-Talagante-Til-Til,17 ene 2012,29 ene 2012,24 nov 2017,6508245,$800.00,ñ,"ñ-Producción, almacenamiento, disposición o reutilización o transporte por medios terrestres de sustancias tóxicas, (sustancias señaladas en la Clase 6,1 de la NCh. 382, Of. 89)",Neociclo Ltda.,-70.72034,-33.559363
Regularización Ampliación Planta Lonquén. Quimetal Industrial S.A,DIA,Aprobado,RM,Maipú,24 ene 2012,21 May. 2013,7 Feb. 2013,6521526,$110.00,k,k-Instalaciones fabriles sobre 2000 KVA,Quimetal Industrial S.A,-70.737876,-33.531213
"“Extracción y Procesamiento de Áridos del Río Mapocho, Km 0+650 – 1+800, Comuna de Maipú”",DIA,No calificado,RM,Maipú,27 Mar. 2012,16 May. 2012,24 nov 2017,6749015,$300.00,i,i-Extracciones en un cuerpo o curso de agua,Arenex S.A,-70.813003,-33.526502
Planta productora de gases del aire INDURA Maipú 049/2012,DIA,Aprobado,RM,Maipú,19 abr 2012,12 Mar. 2013,14 dic 2017,6828196,$10.200.000,k,k-Instalaciones fabriles sobre 2000 KVA,Indura S.A.,-70.75633,-33.534849
EXTRACCIÓN DE PUZOLANA Y UTILIZACIÓN DE BIOGÁS PARA SU PROCESO DE SECADO,EIA,Desistido,RM,Maipú-Padre Hurtado,14 May. 2012,22 jul 2012,21 nov 2012,6906100,$6.000.000,i,i-Extracción de pozos o canteras,Cementos Bicentenario S.A.,-70.838796,-33.533453
TRASLADO DE PLANTA INDUSTRIAL Y LABORATORIOS,DIA,Aprobado,RM,Maipú,3 sep 2012,15 sep 2013,29 ene 2013,7298825,$4.600.000,h,h-Proyectos industriales,LABORATORIO BALLERINA LTDA,-70.738897,-33.526816
"Proyecto Nueva Caldera para Planta Ditzler - Maipú, Región Metropolitana.",DIA,Desistido,RM,Maipú,26 sep 2012,9 oct 2012,14 dic 2017,7370190,$350.00,h,h-Proyectos industriales,Ditzler Chile Limitada,-70.743207,-33.541826
"Proyecto Nueva Caldera para Planta Ditzler-Maipú, Región Metropolitana",DIA,Aprobado,RM,Maipú,3 dic 2012,23 May. 2013,29 Ago. 2013,7601036,$350.00,h,h-Proyectos industriales,Ditzler Chile Limitada,-70.743218,-33.542005
EXTRACCIÓN DE PUZOLANA Y UTILIZACIÓN DE BIOGÁS PARA SU PROCESO DE SECADO,EIA,Desistido,RM,Maipú-Padre Hurtado,25 dic 2012,30 jun 2016,13 May. 2013,7677911,$6.000.000,i,i-Extracción de pozos o canteras,Cementos Bicentenario S.A.,-70.83821,-33.53375
DECLARACIÓN DE IMPACTO AMBIENTAL REGULARIZACIÓN DE INSTALACIONES PARA EL SUMINISTRO DE GLP ESTACIÓN DE SERVICIO COPEC ALBERTO LLONA,DIA,Desistido,RM,Maipú,21 abr 2013,18 nov 2013,22 dic 2017,8084481,$70.000.000,e,e-Estaciones de servicios,Compañía de Petróleos de Chile COPEC. S.A.,-70.756614,-33.521071
Segunda Línea Oleoducto Maipú-Aeropuerto AMB,EIA,Desistido,RM,Maipú-Pudahuel,1 May. 2013,12 May. 2013,22 dic 2017,8095884,$55.500.000,j,j-Oleoductos,Sociedad Nacional de Oleoductos S.A.,-70.751063,-33.526798
Segunda Línea Oleoducto Maipú-Aeropuerto AMB,EIA,Desistido,RM,Maipú-Pudahuel,16 May. 2013,3 jul 2013,22 dic 2017,8170472,$55.500.000,j,j-Oleoductos,Sociedad Nacional de Oleoductos S.A.,-70.751063,-33.526798
Ajustes al Acceso Vial,EIA,Aprobado,RM,Maipú,15 Ago. 2013,9 jul 2014,22 dic 2017,2128468415,$600.00,o,"o-Plantas de tratamiento y/o disposición de residuos sólidos de origen domiciliario, rellenos sanitarios y estaciones de transferencia que atiendan a una población igual o mayor a 5000 habitantes",Veolia SU Chile S.A.,-70.80146,-33.508245
Modificación Planta de Tratamiento Aguas Servidas del depósito y terminal de vehículos Maipú Trocal 1,DIA,Desistido,RM,Maipú,26 nov 2013,9 dic 2013,22 dic 2017,2128842303,$95.00,e,e-Terminales de buses,Inversiones Alsacia S.A.,-70.806112,-33.5157
Ampliación Proyecto Extracción de Pomacita - comuna de Maipú,DIA,Desistido,RM,Maipú,1 dic 2013,14 ene 2014,22 dic 2017,2128863794,$200.00,i,i-Extracción de pozos o canteras,SOCIEDAD CONSTRUCTORA Y AGRÍCOLA MENA ALCALDE LTDA,-70.77212,-33.47143
AMPLIACION PLANTA DE TRATAMIENTO DE AGUAS SERVIDAS DEPOSITO Y TERMINAL DE VEHÍCULOS MAIPÚ TRONCAL 1,DIA,Desistido,RM,Maipú,19 dic 2013,23 jun 2014,23 ene 2018,2128914423,$95.00,e,e-Terminales de buses,Inversiones Alsacia S.A.,-70.802602,-33.514642
Curtiembre Agrícola Riñihue,DIA,Desistido,RM,Maipú,17 Feb. 2014,24 Feb. 2014,20 oct 2016,2129147077,$7.800.000,null,null,AGRICOLA RIÑIHUE S.A,-70.748021,-33.529001
Curtiembre Agrícola Riñihue,DIA,Desistido,RM,Maipú,16 ene 2014,5 Feb. 2014,20 oct 2016,2129149569,$7.800.000,null,null,AGRICOLA RIÑIHUE S.A,-70.74818,-33.529115
Ampliación y Optimización Planta Beiersdorf Chile S.A.,DIA,Desistido,RM,Maipú,18 Feb. 2014,5 Mar. 2014,23 ene 2018,2129282457,$5.280.000,null,null,Beiersdorf S.A.,-70.73605,-33.520661
Curtiembre Agrícola Riñihue,DIA,Aprobado,RM,Maipú,20 Mar. 2014,20 ene 2015,20 oct 2016,2129291965,$7.800.000,null,null,AGRICOLA RIÑIHUE S.A,-70.747764,-33.529317
Nueva Línea 1x220 kV Alto Melipilla - Rapel y Nueva Línea 2x220 kV Lo Aguirre – Alto Melipilla con un circuito tendido,EIA,No calificado,Interregional,Curacaví-Las Cabras-Litueche-Maipú-Melipilla-Padre Hurtado-Pudahuel-San Pedro,4 sep 2014,4 nov 2014,23 nov 2016,2129753064,$77.000.000,null,null,ELETRANS II S.A.,-70.898318,-33.440646
Pre-Tratamiento para la Revalorización Energética de Residuos,DIA,No Admitido a Tramitación,RM,Maipú,21 sep 2014,22 sep 2014,20 oct 2016,2129780034,$850.00,null,null,Bravo Energy Chile S.A.,-70.751104,-33.53256
Pre-Tratamiento para la Revalorización Energética de Residuos,DIA,Desistido,RM,Maipú,30 sep 2014,15 oct 2014,20 oct 2016,2129854114,$850.00,null,null,Bravo Energy Chile S.A.,-70.751061,-33.532631
Pre-tratamiento para la Revalorización Energética de Residuos,DIA,Desistido,RM,Maipú,20 oct 2014,13 sep 2015,20 oct 2016,2129892385,$850.00,null,null,Bravo Energy Chile S.A.,-70.751148,-33.5324
EL DESCANSO,DIA,Desistido,RM,Maipú,17 nov 2014,27 nov 2014,22 ene 2018,2129982927,$31.343.000,null,null,Inmobiliaria El Descanso S.A.,-70.755366,-33.469895
DECLARACIÓN DE IMPACTO AMBIENTAL LÍNEA DE FABRICACIÓN DE DIÓXIDO DE AZUFRE Y BISULFITO DE SODIO,DIA,Desistido,RM,Maipú,27 nov 2014,4 dic 2014,22 ene 2018,2130015224,$5.000.000,null,null,Juan Francisco Ruiz Morandé,-70.738305,-33.531205
NORMALIZACION PLANTA DE TRATAMIENTO DE AGUAS SERVIDAS DEPOSITO Y TERMINAL DE VEHÍCULOS MAIPÚ TRONCAL 1”,DIA,No Admitido a Tramitación,RM,Maipú,19 ene 2015,20 ene 2015,22 ene 2018,2130053899,$95.00,null,null,Inversiones Alsacia S.A.,-70.802562,-33.514706
Almacenamiento de Sustancias Peligrosas,DIA,Desistido,RM,Maipú,27 May. 2015,4 jun 2015,30 ene 2018,2130508614,$9.520.000,null,null,Javier Canala-Echavarría Leon de la Barra,-70.764335,-33.534801
Normalización Planta de tratamiento de Aguas Servidas Depósito y Terminal de Vehículos Maipú Troncal1,DIA,No Admitido a Tramitación,RM,Maipú,19 jul 2015,20 jul 2015,31 ene 2018,2130578115,$95.00,null,null,Inversiones Alsacia S.A.,-70.802996,-33.514474
Pre-tratamiento para la Revalorización Energética de Residuos,DIA,Desistido,RM,Maipú,13 sep 2015,16 sep 2015,20 oct 2016,2130782422,$850.00,null,null,Bravo Energy Chile S.A.,-70.751089,-33.532673
Pre-tratamiento para la Revalorización Energética de Residuos,DIA,No Admitido a Tramitación,RM,Maipú,20 sep 2015,21 sep 2015,20 oct 2016,2130788207,$850.00,null,null,Bravo Energy Chile S.A.,-70.751092,-33.532639
Pre-tratamiento para la revalorización energética de Residuos,DIA,Desistido,RM,Maipú,28 sep 2015,12 oct 2015,20 oct 2016,2130813668,$850.00,null,null,Bravo Energy Chile S.A.,-70.751089,-33.532673
Pre-Tratamiento para la Revalorización Energética de Residuos,DIA,Aprobado,RM,Maipú,18 oct 2015,10 Feb. 2016,20 oct 2016,2130834103,$850.00,null,null,Bravo Energy Chile S.A.,-70.751089,-33.532673
Bodegas Santa Marta - Maipú,DIA,No Admitido a Tramitación,RM,Maipú,4 jul 2016,5 jul 2016,30 ene 2018,2131474382,$6.500.000,null,null,Inmobiliaria Santa Cristina S.A.,-70.752246,-33.533635
Línea de fabricación de Policloruro de Aluminio,DIA,Aprobado,RM,Maipú,7 jul 2016,2 ene 2018,30 ene 2018,2131548812,$6.000.000,null,null,Quimetal Industrial S.A,-70.738686,-33.532696